<?xml version="1.0" encoding="UTF-8" standalone="no"?>
<!--Generated by IBM TransformationAdvisor 
Mon Jul 13 14:44:02 IST 2020--><server>
    <featureManager>
        <feature>jsp-2.3</feature>
        <feature>servlet-3.1</feature>
    <feature>mpHealth-1.0</feature>
    </featureManager>
    <httpEndpoint host="*" httpPort="9080" httpsPort="9443" id="defaultHttpEndpoint"/>
    <!-- <variable name="DERBY_JDBC_DRIVER_PATH" value="${WAS_INSTALL_ROOT}/derby/lib"/> -->
    <variable name="DERBY_JDBC_DRIVER_PATH" value="${shared.config.dir}/lib/global"/>
<applicationManager autoExpand="true"/>
    <application id="ModResorts_war" location="modresortswar.war" name="ModResorts_war" type="war"/>
</server>
